{
    "train_loss": [
        0.08785275649401098,
        0.08328672889011358,
        0.08122825638141508,
        0.07984094884660509,
        0.079703458306057,
        0.07913632751290316,
        0.07859069210251951,
        0.07973251186944301,
        0.07941867915633458,
        0.07771311180264343,
        0.07813697609246946,
        0.07806310482274473,
        0.07799497928494721,
        0.07854737830317877,
        0.0775483567730274,
        0.07698142824609296,
        0.07659553312787823,
        0.07714269457299724,
        0.0763527965233996,
        0.07681455768011754,
        0.0762911459978889,
        0.07676208969814326,
        0.07776902220607583,
        0.07944702712538974,
        0.07915085530748554,
        0.07630216498780094,
        0.0761126808091706,
        0.07656506977829279,
        0.07636506526298772,
        0.07633382510515599,
        0.07587848535550186,
        0.07579662924498515,
        0.07593023247188992,
        0.07552059335646287,
        0.07593296088424384,
        0.07632492897557278,
        0.07568903826420603,
        0.07567964877957611,
        0.07585610018836128,
        0.07550758380515903,
        0.07555579827501883,
        0.07541191172755622,
        0.07564318164501314,
        0.075240198926988,
        0.0751564607121586,
        0.0750763015809402,
        0.07523628823897417,
        0.07561816608204561,
        0.07547316831700943,
        0.07547469544254877
    ],
    "test_loss": [
        0.08074987670521676,
        0.07587230773619665,
        0.07498753003132196,
        0.07586572240900111,
        0.0759573847570537,
        0.07437410724015883,
        0.07432349266829313,
        0.0768110352533835,
        0.07437307605772842,
        0.07311523769372776,
        0.07273848755860034,
        0.07340870732878461,
        0.07239753433951625,
        0.0745351869382976,
        0.07227751219714129,
        0.0723082924330676,
        0.07384622900574295,
        0.07225281950132345,
        0.07290670567824516,
        0.07240100530930507,
        0.07304145537776711,
        0.07210821977368108,
        0.07550396400469321,
        0.08287673388734275,
        0.07366044600068787,
        0.07245436572734221,
        0.07289270296508883,
        0.07150801527647324,
        0.07299405319455231,
        0.07169217959598259,
        0.07236288477609187,
        0.0715480359689689,
        0.07296569368721527,
        0.07185925404230754,
        0.07308869471520553,
        0.07207760559923855,
        0.07158388012721216,
        0.07170928021272023,
        0.07325376635716284,
        0.07215895276746633,
        0.07158098694718915,
        0.07176692268730682,
        0.0713684269675502,
        0.0713091563516193,
        0.07180856700296755,
        0.07164125865624275,
        0.0715447046800896,
        0.07131840067145265,
        0.07159955971034956,
        0.07199026594191422
    ],
    "learning_rate": [
        0.001,
        0.001,
        0.001,
        0.001,
        0.001,
        0.001,
        0.001,
        0.001,
        0.001,
        0.001,
        0.001,
        0.001,
        0.001,
        0.001,
        0.0005,
        0.0005,
        0.0005,
        0.0005,
        0.0005,
        0.0005,
        0.0005,
        0.0005,
        0.0005,
        0.0005,
        0.0005,
        0.00025,
        0.00025,
        0.00025,
        0.00025,
        0.00025,
        0.00025,
        0.00025,
        0.00025,
        0.00025,
        0.00025,
        0.00025,
        0.00025,
        0.00025,
        0.000125,
        0.000125,
        0.000125,
        0.000125,
        0.000125,
        0.000125,
        0.000125,
        0.000125,
        0.000125,
        0.000125,
        0.000125,
        0.000125
    ]
}