{
    "train_loss": [
        0.16570165235232684,
        0.11191269587847143,
        0.1014119166953891,
        0.09393933520597571,
        0.09011806849560706,
        0.09077934533162833,
        0.09352714173934039,
        0.08594619838240879,
        0.08520394166310628,
        0.08397834565904405,
        0.08273529461006714,
        0.08077921197305318,
        0.08198463090884141,
        0.08209297766093335,
        0.08117676435732374,
        0.08078691382813298,
        0.08074204984054066,
        0.07814124970654257,
        0.07783344462026957,
        0.07855579619314157,
        0.07859438260396322,
        0.07852349764381358,
        0.07842097095414705,
        0.07842668894848792,
        0.0784722144307654,
        0.07774188284780464,
        0.07745411427192439,
        0.0773207273358613,
        0.0767115457385194,
        0.07719288729374704,
        0.0774548801721311,
        0.07772686512641658,
        0.07795129180733675,
        0.07733942309236215,
        0.07694682716544157,
        0.07703965130974265,
        0.07701227119545531,
        0.07640780015708575,
        0.076617568458607,
        0.07641717546126421,
        0.07642877507053948,
        0.07668409674775367,
        0.07652128116757262,
        0.07639492493049771,
        0.07620399933235318,
        0.0763743738722957,
        0.07648791051378437,
        0.07636048248390746,
        0.07634426316404655,
        0.07620273446725084
    ],
    "test_loss": [
        0.11308666064415447,
        0.10013173639038463,
        0.0913432287875517,
        0.08486646372594951,
        0.08540968908203975,
        0.09108543547583214,
        0.08329753943431525,
        0.08452944862989732,
        0.07830381094673533,
        0.0771953981452518,
        0.07669984935242452,
        0.07696526018189795,
        0.07679744184753041,
        0.07607914347707488,
        0.07677636950104325,
        0.07997631976633894,
        0.07632130166630686,
        0.07384238895074821,
        0.07382854127589568,
        0.0740813492551262,
        0.07343157276695159,
        0.07521561369483852,
        0.0765172772348663,
        0.07437681892771782,
        0.07356920176818048,
        0.07357334233360527,
        0.07316212095596172,
        0.0733154602036064,
        0.07320336642088714,
        0.07296114683151246,
        0.07264764529687387,
        0.07349193999796738,
        0.07403229399963662,
        0.07334896167119344,
        0.07258062909414739,
        0.0731443174532902,
        0.07256265403311929,
        0.07263890229625465,
        0.07264811247219273,
        0.07258850110901727,
        0.07262180234914944,
        0.07250473065876667,
        0.07278022170066835,
        0.07239281925890181,
        0.07268981673099377,
        0.07254044280375964,
        0.07259463182937953,
        0.07245268637751355,
        0.07231747466840861,
        0.07237550563282437
    ],
    "learning_rate": [
        0.001,
        0.001,
        0.001,
        0.001,
        0.001,
        0.001,
        0.001,
        0.001,
        0.001,
        0.001,
        0.001,
        0.001,
        0.001,
        0.001,
        0.001,
        0.001,
        0.0005,
        0.0005,
        0.0005,
        0.0005,
        0.0005,
        0.0005,
        0.0005,
        0.00025,
        0.00025,
        0.00025,
        0.00025,
        0.00025,
        0.00025,
        0.00025,
        0.00025,
        0.00025,
        0.00025,
        0.000125,
        0.000125,
        0.000125,
        0.000125,
        6.25e-05,
        6.25e-05,
        6.25e-05,
        6.25e-05,
        6.25e-05,
        3.125e-05,
        3.125e-05,
        3.125e-05,
        3.125e-05,
        3.125e-05,
        3.125e-05,
        3.125e-05,
        1.5625e-05
    ]
}