{
    "train_loss": [
        0.24420691193903193,
        0.17587974623722188,
        0.15989423236426184,
        0.14790953871081858,
        0.14212366675629334,
        0.1382602437892381,
        0.132597693187349,
        0.1302632904228042,
        0.12716420937110395,
        0.12562790797913775,
        0.12255715074784615,
        0.12424423457945094,
        0.12292245928855504,
        0.1208698203896775,
        0.12007138505578041,
        0.11793138415497892,
        0.11665590830585536,
        0.11802023342427086,
        0.11738421066718943,
        0.11479878951521481,
        0.11644639907514348,
        0.11387600421028979,
        0.11294992662527982,
        0.11447941205080818,
        0.11336681334411397,
        0.11046544791144483,
        0.11079316345207832,
        0.10965951422558111,
        0.10875011060167761,
        0.10905056819319725,
        0.10965388553107486,
        0.1081607655129012,
        0.10864853552159141,
        0.10822008856955696,
        0.10765246455283727,
        0.10663987214074415,
        0.10645649516407181,
        0.10601948157829397,
        0.1064066321534269,
        0.10559028956819982,
        0.10679664988728131,
        0.10638141040416325,
        0.10451686206985922,
        0.10554424804799697,
        0.10332273253623177,
        0.10426546567503144,
        0.10538485032670639,
        0.10875038276700412,
        0.10486460937296643,
        0.10218361743232783
    ],
    "test_loss": [
        0.1876692388892604,
        0.16423689406701372,
        0.15082301912755314,
        0.14173591838416644,
        0.14043944105774914,
        0.13622739086942984,
        0.12951409846867035,
        0.1286801768984605,
        0.12753664935108558,
        0.12269250576246515,
        0.12413433071508304,
        0.1250053722505535,
        0.1195836701117698,
        0.12431762373404381,
        0.11740561672066092,
        0.11900992897013034,
        0.1167307391924118,
        0.1237619006246436,
        0.11508317449893332,
        0.11503447771933105,
        0.11851419515988457,
        0.11562783089785801,
        0.11327949474004202,
        0.11281026963292476,
        0.11359901608973204,
        0.1107677430667602,
        0.11187138649961148,
        0.10892013464163357,
        0.10920194906017841,
        0.10788307082351793,
        0.11156308754256486,
        0.10931785151846572,
        0.1118903475763135,
        0.11139373387670691,
        0.1097985093774348,
        0.10867637193590295,
        0.10590834828490385,
        0.10823902898747138,
        0.10756757560619808,
        0.10534587799426881,
        0.10974360170777524,
        0.10548235283431594,
        0.1070011640929143,
        0.10596803794699025,
        0.10593992043488293,
        0.10641190274097428,
        0.10539025292069472,
        0.10712693807020084,
        0.10577587672519341,
        0.10301167829372393
    ],
    "learning_rate": [
        0.001,
        0.001,
        0.001,
        0.001,
        0.001,
        0.001,
        0.001,
        0.001,
        0.001,
        0.001,
        0.001,
        0.001,
        0.001,
        0.001,
        0.001,
        0.001,
        0.001,
        0.001,
        0.001,
        0.001,
        0.001,
        0.001,
        0.001,
        0.001,
        0.001,
        0.001,
        0.001,
        0.001,
        0.001,
        0.001,
        0.001,
        0.001,
        0.001,
        0.001,
        0.001,
        0.001,
        0.001,
        0.001,
        0.001,
        0.001,
        0.001,
        0.001,
        0.001,
        0.001,
        0.001,
        0.001,
        0.001,
        0.001,
        0.001,
        0.0005
    ]
}