{
    "train_loss": [
        0.24087795369765339,
        0.22114324881360423,
        0.22108770694608001,
        0.21863146389231963,
        0.2174981597202276,
        0.21670352898392023,
        0.21450806536705666,
        0.21336323544870014,
        0.211149479984458,
        0.20992972367729237,
        0.20820662242914337,
        0.2061690037546594,
        0.2053737715178845,
        0.20337890456704533,
        0.20235281489253823,
        0.20072543667811973,
        0.19801683363571665,
        0.19750847473643185,
        0.19543014164843592,
        0.19394049893796833,
        0.1922052903892168,
        0.19078598801606622,
        0.18916089456844953,
        0.18793045710894019,
        0.18570711939942602,
        0.18435001778446772,
        0.18278317202150432,
        0.18108629120720757,
        0.17963785346037422,
        0.17776128388697804,
        0.1764603907765906,
        0.17446011998295005,
        0.17342322698605606,
        0.17194633670881682,
        0.1704660051009234,
        0.16903450909782858,
        0.16745288075964435,
        0.16607395309248782,
        0.1641310632618424,
        0.16347153856863383,
        0.16196883893480488,
        0.1606092343922534,
        0.15931829440048317,
        0.1583276580361759,
        0.15691778363745196,
        0.15508213666529438,
        0.15419192002489676,
        0.15336372151094324,
        0.15265887515996795,
        0.15113570113587224
    ],
    "test_loss": [
        0.20633951057622466,
        0.2038148531501676,
        0.20279558852866844,
        0.20136702784785518,
        0.20056261804368763,
        0.19892641879894118,
        0.19768272388128585,
        0.19597576412153828,
        0.19462190451445402,
        0.19337473268862124,
        0.1919267663837951,
        0.19057876009999972,
        0.18936968367776758,
        0.18791421701878674,
        0.18627332463676546,
        0.18473721386473854,
        0.1831720675951169,
        0.18215383494341814,
        0.18048257627604922,
        0.1789050985265661,
        0.1773554132014145,
        0.1763470251766252,
        0.17458213653093502,
        0.17317721402203595,
        0.171474776915562,
        0.17007785891309196,
        0.16902704309534142,
        0.1673576691709919,
        0.16615116260669852,
        0.16439806278840993,
        0.1629105657412682,
        0.16183743264940048,
        0.16015859050515258,
        0.15901365121205646,
        0.15743398554531143,
        0.15645191498744634,
        0.15508373966923467,
        0.15354196495480008,
        0.15227356816515508,
        0.1511873229344686,
        0.15011056028766395,
        0.14875016736395566,
        0.14749265364658684,
        0.14657077877609817,
        0.1452899135189292,
        0.14409136248223575,
        0.14304643489696361,
        0.14205150916252607,
        0.14094708772353184,
        0.13992207285798627
    ],
    "learning_rate": [
        0.001,
        0.001,
        0.001,
        0.001,
        0.001,
        0.001,
        0.001,
        0.001,
        0.001,
        0.001,
        0.001,
        0.001,
        0.001,
        0.001,
        0.001,
        0.001,
        0.001,
        0.001,
        0.001,
        0.001,
        0.001,
        0.001,
        0.001,
        0.001,
        0.001,
        0.001,
        0.001,
        0.001,
        0.001,
        0.001,
        0.001,
        0.001,
        0.001,
        0.001,
        0.001,
        0.001,
        0.001,
        0.001,
        0.001,
        0.001,
        0.001,
        0.001,
        0.001,
        0.001,
        0.001,
        0.001,
        0.001,
        0.001,
        0.001,
        0.001
    ]
}