{
    "train_loss": [
        0.09356302482629913,
        0.08264145866718167,
        0.08247838222902584,
        0.08211942934522441,
        0.08016439980151606,
        0.07870674912446464,
        0.07865982694563523,
        0.07757506214715297,
        0.07861040651408675,
        0.0777138180202908,
        0.07709283174252977,
        0.0770906504462747,
        0.07827966337889627,
        0.07701662568485036,
        0.07780725566390292,
        0.07685962284312528,
        0.07637461322584962,
        0.07637294055589663,
        0.07754497855317359,
        0.07705712240505842,
        0.07602671158859153,
        0.07699353679332858,
        0.07623989363900976,
        0.07615000328986474,
        0.07514180685180465,
        0.07597423082862804,
        0.07567445328033048,
        0.07575561034134011,
        0.07592036147522771,
        0.07519014099844142,
        0.07520753745160072,
        0.0747119601255928,
        0.07564074354234085,
        0.07520844032561858,
        0.0748761443530812,
        0.07447457781025008,
        0.07522829560672535,
        0.07465663470473943,
        0.07477431858287138,
        0.07485466096915451,
        0.07397814435896531,
        0.07456244315976411,
        0.07443867617962407,
        0.07468404941309512,
        0.0744536074158413,
        0.07406201191197813,
        0.0740553880828658,
        0.07455906338161893,
        0.07437079716352077,
        0.0741748583862205
    ],
    "test_loss": [
        0.0806496681548931,
        0.07671763746826737,
        0.07570262679347285,
        0.07511558049990807,
        0.0756805169729539,
        0.0738799422464253,
        0.0740807819807971,
        0.07321650852391749,
        0.0740832527699294,
        0.07306498113973642,
        0.07251017695591773,
        0.0736689610098615,
        0.07267879789994086,
        0.07184627382107724,
        0.07194267677672116,
        0.07237309159320078,
        0.07160184917626558,
        0.07249189125902858,
        0.07421855985382456,
        0.07112800211082271,
        0.07106000589735714,
        0.0722494516107771,
        0.07374078646118258,
        0.07188664384830146,
        0.07157390548859113,
        0.07320253593686186,
        0.07159715702504288,
        0.073065068854226,
        0.0720393889038651,
        0.07051411778838546,
        0.07063637144771623,
        0.07273804263568219,
        0.07315861847665575,
        0.07233772374965527,
        0.07089593041090318,
        0.0708635547131668,
        0.07025898572103477,
        0.07131752713962837,
        0.07074577151993175,
        0.07059226875687823,
        0.07120621779818594,
        0.07029325602967063,
        0.07074711584014658,
        0.07035433674300158,
        0.07064649474473648,
        0.07010646511007237,
        0.07004773089179286,
        0.07003288281552586,
        0.07024430405946426,
        0.07011791740670617
    ],
    "learning_rate": [
        0.001,
        0.001,
        0.001,
        0.001,
        0.001,
        0.001,
        0.001,
        0.001,
        0.001,
        0.001,
        0.001,
        0.001,
        0.001,
        0.001,
        0.001,
        0.001,
        0.001,
        0.001,
        0.001,
        0.001,
        0.001,
        0.001,
        0.001,
        0.001,
        0.001,
        0.001,
        0.001,
        0.001,
        0.001,
        0.0005,
        0.0005,
        0.0005,
        0.0005,
        0.0005,
        0.0005,
        0.0005,
        0.0005,
        0.0005,
        0.0005,
        0.0005,
        0.00025,
        0.00025,
        0.00025,
        0.00025,
        0.00025,
        0.000125,
        0.000125,
        0.000125,
        0.000125,
        6.25e-05
    ]
}