{
    "train_loss": [
        0.5018170318182777,
        0.28253783899195056,
        0.1969883108840269,
        0.17310832747641733,
        0.16554350800373974,
        0.15948290246374466,
        0.15308475494384766,
        0.15098371532033472,
        0.14794837771093144,
        0.14627360771684086,
        0.1470688217703034,
        0.14402229886721163,
        0.14482788434799979,
        0.14431238809929176,
        0.1428294129231397,
        0.1442001264761476,
        0.14130028600201888,
        0.13912013501805418,
        0.14396149314501705,
        0.13862043925944498,
        0.13777506351470947,
        0.13700162641265812,
        0.13704133318627582,
        0.1332551181754645,
        0.1334946672706043,
        0.1309400117572616,
        0.13365720124805675,
        0.13822482394821503,
        0.13223934195497455,
        0.13080853070406354,
        0.13081849191118688,
        0.13528084798770793,
        0.1301133799202302,
        0.12796989214770935,
        0.1268962297369452,
        0.13437233032549128,
        0.1332187674501363,
        0.13032438080100453,
        0.1276193199788823,
        0.12274159841677722,
        0.12186703502255328,
        0.12197373478728182,
        0.1200549659483573,
        0.12009932977311752,
        0.12193458812201724,
        0.12116899187950526,
        0.11932166402830797,
        0.11874359385932193,
        0.11843207588090617,
        0.11648396972347708
    ],
    "test_loss": [
        0.3608153666830235,
        0.21334287956733564,
        0.1807106345999542,
        0.1608601606279504,
        0.1650672245542065,
        0.1508076592903275,
        0.14685891079128005,
        0.149192348327017,
        0.14426466075952302,
        0.14833286716619554,
        0.1427813789044046,
        0.14059837221668947,
        0.14222235748483816,
        0.14303286054074119,
        0.15497064741079558,
        0.13674555040008324,
        0.1381851919291252,
        0.13642839300933726,
        0.13451403418172567,
        0.13161475942453324,
        0.13443739289411138,
        0.13976659228225047,
        0.13025155624758036,
        0.13270376498948797,
        0.13063430054523453,
        0.1316701712591123,
        0.1326554561565069,
        0.1409304081102571,
        0.13801065930820974,
        0.13604666614360328,
        0.13073641829972663,
        0.12477296627385523,
        0.12338425790359826,
        0.12496556338420414,
        0.12872061570198526,
        0.12529891118245864,
        0.12707461703985604,
        0.1260278006753336,
        0.12294930077631981,
        0.12603434479193568,
        0.1199493239072256,
        0.11805947526267288,
        0.1228763832512315,
        0.11944480297367498,
        0.11666760231613683,
        0.11733551223355511,
        0.12101889396832738,
        0.11650256419870395,
        0.1150308775772687,
        0.11566001577067461
    ],
    "learning_rate": [
        0.001,
        0.001,
        0.001,
        0.001,
        0.001,
        0.001,
        0.001,
        0.001,
        0.001,
        0.001,
        0.001,
        0.001,
        0.001,
        0.001,
        0.001,
        0.001,
        0.001,
        0.001,
        0.001,
        0.001,
        0.001,
        0.001,
        0.001,
        0.001,
        0.001,
        0.001,
        0.001,
        0.001,
        0.001,
        0.001,
        0.001,
        0.001,
        0.001,
        0.001,
        0.001,
        0.001,
        0.001,
        0.001,
        0.001,
        0.0005,
        0.0005,
        0.0005,
        0.0005,
        0.0005,
        0.0005,
        0.0005,
        0.0005,
        0.0005,
        0.0005,
        0.0005
    ]
}