{
    "train_loss": [
        0.3448667815502952,
        0.3060721728731604,
        0.30446451990043416,
        0.3056003609124352,
        0.3011832868351656,
        0.300806627554052,
        0.300627201795578,
        0.29923923839541045,
        0.29871352981118593,
        0.29734571804018584,
        0.30025167149655957,
        0.29492749975008126,
        0.29303713756449085,
        0.2830750188406776,
        0.267015950206448,
        0.25269441569552703,
        0.22428986517822042,
        0.20299935165573568,
        0.18133286912651622,
        0.16621539873235366,
        0.15853449921397603,
        0.15343079190043843,
        0.1480206597377272,
        0.14474834129214287,
        0.14215459367808173,
        0.13993258949588327,
        0.13883185189436464,
        0.13724772303419955,
        0.13556579325129003,
        0.13539856716113932,
        0.13447285421630917,
        0.1344907169832903,
        0.13403557525838122,
        0.1333373075022417,
        0.1322146623450167,
        0.13246312759378376,
        0.13269238415009835,
        0.1322490419535076,
        0.13172875169445486,
        0.1310389250078622,
        0.12982547896749833,
        0.12985696205321481,
        0.13014568366548596,
        0.12925954382209218,
        0.12838290171588168,
        0.1303153774317573,
        0.12831084780833302,
        0.1281617189593175,
        0.12849170407828162,
        0.12698202996569521
    ],
    "test_loss": [
        0.3064947286667806,
        0.3040977266290989,
        0.29411438638983217,
        0.2946668043033311,
        0.29076915871795767,
        0.29205607076844586,
        0.2913595655764914,
        0.29167999549893264,
        0.2885015300034616,
        0.2843069467303555,
        0.28382967921370633,
        0.2829421771562487,
        0.27728083555448785,
        0.2595285773707641,
        0.2467915075350324,
        0.2365041872224223,
        0.1986794070646651,
        0.18163012175783783,
        0.1623160055828439,
        0.15515488523868878,
        0.14883264273082306,
        0.14274105061692882,
        0.1396445993912349,
        0.13525503607002837,
        0.13453261929728927,
        0.13487126603453597,
        0.13349591256909424,
        0.13095931206369227,
        0.1299298516679757,
        0.13178498818125534,
        0.12963125034359818,
        0.12953655848864612,
        0.12884193172523695,
        0.12792983803938446,
        0.12916713905678762,
        0.12877857151444638,
        0.12785480723914688,
        0.13007013122097247,
        0.1294302073196384,
        0.1272338591327736,
        0.12687776674002085,
        0.12843753658907509,
        0.1307692636651683,
        0.1265368347994257,
        0.12973896105797283,
        0.12884186712843418,
        0.13014354279755685,
        0.12639707150442075,
        0.12824125087648522,
        0.12615204244744477
    ],
    "learning_rate": [
        0.001,
        0.001,
        0.001,
        0.001,
        0.001,
        0.001,
        0.001,
        0.001,
        0.001,
        0.001,
        0.001,
        0.001,
        0.001,
        0.001,
        0.001,
        0.001,
        0.001,
        0.001,
        0.001,
        0.001,
        0.001,
        0.001,
        0.001,
        0.001,
        0.001,
        0.001,
        0.001,
        0.001,
        0.001,
        0.001,
        0.001,
        0.001,
        0.001,
        0.001,
        0.001,
        0.001,
        0.001,
        0.001,
        0.001,
        0.001,
        0.001,
        0.001,
        0.001,
        0.001,
        0.001,
        0.001,
        0.001,
        0.001,
        0.001,
        0.001
    ]
}