{
    "train_loss": [
        0.48391739410512585,
        0.3298776263699812,
        0.22801157525357077,
        0.18623645647483714,
        0.1714458141256781,
        0.16369536562877543,
        0.1590815699275802,
        0.15464616040973103,
        0.1494636859963922,
        0.1496351470842081,
        0.1555970966377679,
        0.14666730647577958,
        0.14419693368322709,
        0.14402993395924568,
        0.146530922721414,
        0.140061158906011,
        0.13697604462504387,
        0.13776656415532618,
        0.13700969933586962,
        0.13402224814190583,
        0.13229900664266417,
        0.13317655640489914,
        0.13184883270193548,
        0.13537239721592734,
        0.1303503936266198,
        0.13221737282241092,
        0.12918778048718677,
        0.13360640275127747,
        0.13057653825072682,
        0.1328228194923962,
        0.12796564860378995,
        0.12603978944175384,
        0.13083000415388277,
        0.12783229592091896,
        0.12483902823399096,
        0.12447471018223201,
        0.12514598536140778,
        0.1268215764533071,
        0.1240096138242413,
        0.12491027156219763,
        0.1240771934390068,
        0.12328997802208452,
        0.12588034022380323,
        0.12435576757963966,
        0.12347437463262502,
        0.12055179849267006,
        0.1206410012262709,
        0.12037325234097593,
        0.12332784603623782,
        0.12194100066142924
    ],
    "test_loss": [
        0.38090348639643146,
        0.2600466843546512,
        0.19196810687922397,
        0.16970900267039823,
        0.159147311634105,
        0.1536826408296716,
        0.1568557190120435,
        0.14813104390237306,
        0.1426000394976096,
        0.16905077579649777,
        0.14418834430646382,
        0.14214541524756258,
        0.1390815329035267,
        0.14888469256218592,
        0.1378742411678879,
        0.13731016931981385,
        0.13364902265665762,
        0.14047377724940166,
        0.1324436868571202,
        0.13056002498103392,
        0.1420180250160961,
        0.12989241020343795,
        0.13159196211112537,
        0.13094617982633708,
        0.12573789401174884,
        0.1269451326196374,
        0.126251969828072,
        0.1288684333704869,
        0.14369317056469968,
        0.1293763216436985,
        0.1242014056723901,
        0.12939218136377711,
        0.12661402539656053,
        0.1284912163169806,
        0.12117183707681373,
        0.12966365756110593,
        0.12005179685806108,
        0.12497396378740938,
        0.13922968552000686,
        0.12178073178990222,
        0.12564460998838128,
        0.1298403546698257,
        0.12680359426818597,
        0.12560352358146698,
        0.12415733769912585,
        0.12418198536019033,
        0.11829371349045514,
        0.11613118463474921,
        0.12108529233760351,
        0.11808421491285524
    ],
    "learning_rate": [
        0.001,
        0.001,
        0.001,
        0.001,
        0.001,
        0.001,
        0.001,
        0.001,
        0.001,
        0.001,
        0.001,
        0.001,
        0.001,
        0.001,
        0.001,
        0.001,
        0.001,
        0.001,
        0.001,
        0.001,
        0.001,
        0.001,
        0.001,
        0.001,
        0.001,
        0.001,
        0.001,
        0.001,
        0.001,
        0.001,
        0.001,
        0.001,
        0.001,
        0.001,
        0.001,
        0.001,
        0.001,
        0.001,
        0.001,
        0.001,
        0.001,
        0.001,
        0.001,
        0.001,
        0.001,
        0.001,
        0.001,
        0.001,
        0.001,
        0.001
    ]
}