{
    "train_loss": [
        0.5251457138973123,
        0.33667097898090587,
        0.23406866894048803,
        0.1888097428223666,
        0.17119115196606693,
        0.16324242160600774,
        0.15709303670069752,
        0.15731763883548625,
        0.16721498002024257,
        0.17031967464615316,
        0.1613000718986287,
        0.15292173404903972,
        0.1492361663018956,
        0.14720815113362143,
        0.14939346471253565,
        0.14760203747188344,
        0.14461569575702443,
        0.14578372130499168,
        0.14858968512100332,
        0.14735159760012345,
        0.14503137263305046,
        0.1375527535291279,
        0.13712010401136734,
        0.13650610999149435,
        0.13634026795625687,
        0.1389718143378987,
        0.13873539448660963,
        0.1390713203479262,
        0.13764792746480772,
        0.13595976965392337,
        0.13346305555280516,
        0.1323334191213636,
        0.13221339684198885,
        0.13172385534819434,
        0.1322230990318691,
        0.13088405986919122,
        0.13112309640821287,
        0.13094271763282664,
        0.1309154362362974,
        0.13096067747649023,
        0.12971079480998657,
        0.129252751083935,
        0.12962285977076082,
        0.1288107044118292,
        0.1289356570033466,
        0.12857886666760726,
        0.12909455509746776,
        0.12877506017684937,
        0.128666432464824,
        0.12828138887005694
    ],
    "test_loss": [
        0.38246197769357837,
        0.27455588385516555,
        0.19693937671744005,
        0.17599850613287638,
        0.16177787793672474,
        0.15521168114906614,
        0.15895862187719514,
        0.15347760537040792,
        0.17787588184921319,
        0.1610181095798093,
        0.14895581785952572,
        0.14833039768336048,
        0.14504391944795736,
        0.14206302355342826,
        0.15502414281617863,
        0.14419461609224118,
        0.142750419778514,
        0.14818317877256482,
        0.14541842373699918,
        0.14266725683900855,
        0.13776173944507697,
        0.13552283048629765,
        0.13558833513018886,
        0.13353754084032796,
        0.13570997422352593,
        0.1365797102666504,
        0.138855746764999,
        0.1362219281144951,
        0.14169750811821286,
        0.13180201384995388,
        0.13087850976937082,
        0.13199406509364986,
        0.13009122205555224,
        0.13079482106095186,
        0.12992754828198289,
        0.12923584057535936,
        0.12951031002326993,
        0.12905585432310826,
        0.12927563478800366,
        0.1288498623061266,
        0.1293035534960268,
        0.12773793789453886,
        0.12740632493573406,
        0.12737751114669693,
        0.1272191114374016,
        0.12723195079431637,
        0.12690972505063355,
        0.1271888548286383,
        0.12677700418427534,
        0.1276598056516062
    ],
    "learning_rate": [
        0.001,
        0.001,
        0.001,
        0.001,
        0.001,
        0.001,
        0.001,
        0.001,
        0.001,
        0.001,
        0.001,
        0.0005,
        0.0005,
        0.0005,
        0.0005,
        0.0005,
        0.0005,
        0.0005,
        0.0005,
        0.0005,
        0.0005,
        0.00025,
        0.00025,
        0.00025,
        0.00025,
        0.00025,
        0.00025,
        0.00025,
        0.00025,
        0.000125,
        0.000125,
        0.000125,
        0.000125,
        0.000125,
        0.000125,
        0.000125,
        0.000125,
        0.000125,
        0.000125,
        0.000125,
        6.25e-05,
        6.25e-05,
        6.25e-05,
        6.25e-05,
        6.25e-05,
        6.25e-05,
        6.25e-05,
        6.25e-05,
        6.25e-05,
        6.25e-05
    ]
}