{
    "train_loss": [
        0.5248540008769316,
        0.34929978233926434,
        0.31205692624344544,
        0.2665870636701584,
        0.23124196774819317,
        0.2073192596435547,
        0.19289934021585128,
        0.1838062773732578,
        0.176705101833624,
        0.17224056536660476,
        0.168966742561144,
        0.16244246153270497,
        0.1584198799203424,
        0.1571462597040569,
        0.15325951444752076,
        0.15113395014229944,
        0.15028413209845037,
        0.1480788066983223,
        0.14648139367208762,
        0.14438511913313584,
        0.14412536647389917,
        0.1425503729020848,
        0.1423574955586125,
        0.1414462185519583,
        0.1402625307879027,
        0.13989774860879955,
        0.13753555057679906,
        0.13764020033618984,
        0.13588267608600504,
        0.13529790455804153,
        0.13579544271616376,
        0.13532312652643988,
        0.13459351746474996,
        0.1341304084395661,
        0.1339006980552393,
        0.13294248326736338,
        0.13218290249214454,
        0.13211432252736652,
        0.13323867583976073,
        0.13258904109106345,
        0.13175378082429662,
        0.1305532345876974,
        0.1304930352112826,
        0.12956522865330472,
        0.13009465222849564,
        0.1297680382781169,
        0.12880883957533276,
        0.1279184237560805,
        0.12773269765517292,
        0.12892342512221897
    ],
    "test_loss": [
        0.34842606640894924,
        0.3234049378749696,
        0.27890667812058206,
        0.2416424427652187,
        0.2121778023372058,
        0.19409455030833772,
        0.18486938820849258,
        0.1781268237730226,
        0.17282860563119828,
        0.17031259166634904,
        0.1649659956405309,
        0.1603895560929061,
        0.16201616082380826,
        0.15327540924402783,
        0.15207604122506152,
        0.14947039413968577,
        0.1473261881391064,
        0.14715566402738278,
        0.14452795642377667,
        0.1435324448540753,
        0.14054008657751532,
        0.14209706856455612,
        0.14420202178645222,
        0.14083507521488178,
        0.13852514915087594,
        0.1359778989092968,
        0.1373669845102496,
        0.13530562582429134,
        0.13553045407098982,
        0.13598086360559566,
        0.13251600859397583,
        0.1408109878374781,
        0.13322348327843292,
        0.134748512226752,
        0.13192593444555675,
        0.1321399297094517,
        0.1302232630846733,
        0.13439296574368806,
        0.13084481055125435,
        0.130985361273108,
        0.12904925157016794,
        0.12990902300776125,
        0.12838393458390496,
        0.12988104501786213,
        0.12829219330949473,
        0.12798241609270392,
        0.1285324766747788,
        0.1286996232473463,
        0.12803037713150683,
        0.12889470399932312
    ],
    "learning_rate": [
        0.001,
        0.001,
        0.001,
        0.001,
        0.001,
        0.001,
        0.001,
        0.001,
        0.001,
        0.001,
        0.001,
        0.001,
        0.001,
        0.001,
        0.001,
        0.001,
        0.001,
        0.001,
        0.001,
        0.001,
        0.001,
        0.001,
        0.001,
        0.001,
        0.001,
        0.001,
        0.001,
        0.001,
        0.001,
        0.001,
        0.001,
        0.001,
        0.001,
        0.001,
        0.001,
        0.001,
        0.001,
        0.001,
        0.001,
        0.001,
        0.001,
        0.001,
        0.001,
        0.001,
        0.001,
        0.001,
        0.001,
        0.001,
        0.001,
        0.001
    ]
}