{
    "train_loss": [
        0.12660540377392487,
        0.12653159700772343,
        0.12667013047372594,
        0.1264056504211005,
        0.12647298482411048,
        0.12685010910910718,
        0.12659896296613357,
        0.12691430243499138,
        0.12659590494106798,
        0.12657284123056076,
        0.12657578881172574,
        0.12669028429424062,
        0.12660168527680285,
        0.12675427141435006,
        0.12630879550295718,
        0.1263145399005974,
        0.1263493207447669,
        0.12653861085281654,
        0.12668269982232766,
        0.12607487992328756,
        0.12645921593203263,
        0.12648306545965812,
        0.12667772853199175,
        0.12657936377560391,
        0.1266429634655223,
        0.12639916008886168,
        0.12646592233110876,
        0.12645934171536388,
        0.12652102529126055,
        0.12665079577880747,
        0.12670093555660808,
        0.12630980133133776,
        0.1269924009547514,
        0.1264372255434008,
        0.12657050810316028,
        0.1257086805999279,
        0.12640948571703015,
        0.12656693993245854,
        0.1267960617209182,
        0.12640527131802895,
        0.1262685577659046,
        0.1266440657131812,
        0.12596524901249828,
        0.12646314808551004,
        0.12658430855063832,
        0.12631486509652698,
        0.1266253222437466,
        0.1268395352012971,
        0.12652545334661708,
        0.126780177521355
    ],
    "test_loss": [
        0.12429583720351815,
        0.12429583720351815,
        0.12429583720351815,
        0.12429583720351815,
        0.12429583720351815,
        0.12429583720351815,
        0.12429583720351815,
        0.12429583720351815,
        0.12429583720351815,
        0.12429583720351815,
        0.12429583720351815,
        0.12429583720351815,
        0.12429583720351815,
        0.12429583720351815,
        0.12429583720351815,
        0.12429583720351815,
        0.12429583720351815,
        0.12429583720351815,
        0.12429583720351815,
        0.12429583720351815,
        0.12429583720351815,
        0.12429583720351815,
        0.12429583720351815,
        0.12429583720351815,
        0.12429583720351815,
        0.12429583720351815,
        0.12429583720351815,
        0.12429583720351815,
        0.12429583720351815,
        0.12429583720351815,
        0.12429583720351815,
        0.12429583720351815,
        0.12429583720351815,
        0.12429583720351815,
        0.12429583720351815,
        0.12429583720351815,
        0.12429583720351815,
        0.12429583720351815,
        0.12429583720351815,
        0.12429583720351815,
        0.12429583720351815,
        0.12429583720351815,
        0.12429583720351815,
        0.12429583720351815,
        0.12429583720351815,
        0.12429583720351815,
        0.12429583720351815,
        0.12429583720351815,
        0.12429583720351815,
        0.12429583720351815
    ],
    "learning_rate": [
        0.001,
        0.001,
        0.001,
        0.001,
        0.001,
        0.001,
        0.001,
        0.001,
        0.0005,
        0.0005,
        0.0005,
        0.0005,
        0.00025,
        0.00025,
        0.00025,
        0.00025,
        0.00025,
        0.00025,
        0.00025,
        0.000125,
        0.000125,
        0.000125,
        0.000125,
        0.000125,
        6.25e-05,
        6.25e-05,
        6.25e-05,
        6.25e-05,
        3.125e-05,
        3.125e-05,
        3.125e-05,
        3.125e-05,
        1.5625e-05,
        1.5625e-05,
        1.5625e-05,
        1.5625e-05,
        1.5625e-05,
        1.5625e-05,
        1.5625e-05,
        1.5625e-05,
        7.8125e-06,
        7.8125e-06,
        7.8125e-06,
        7.8125e-06,
        3.90625e-06,
        3.90625e-06,
        3.90625e-06,
        3.90625e-06,
        1.953125e-06,
        1.953125e-06
    ]
}