{
    "train_loss": [
        0.25633269976946266,
        0.1602345578810748,
        0.12604246420018814,
        0.11159051945006926,
        0.10558027597813824,
        0.10054557074129192,
        0.09687955332737343,
        0.09437271566951975,
        0.09261250745237264,
        0.09124137108622034,
        0.08996577917360792,
        0.08978313121920317,
        0.08820396124147901,
        0.08840169563792111,
        0.08820023567847957,
        0.08668408160116159,
        0.08706328650705175,
        0.08614999312980502,
        0.08571446051005445,
        0.08563671408135906,
        0.08512201511781979,
        0.08599551285014433,
        0.0849947868608961,
        0.085130807465198,
        0.08425052586723776,
        0.084153450236601,
        0.08564595817740446,
        0.08388547616846422,
        0.0837754143608941,
        0.08290472872116987,
        0.0831892694523132,
        0.0838483157500722,
        0.08302403633890588,
        0.0833774275249905,
        0.08246873406802907,
        0.08169814574173073,
        0.08185874652239232,
        0.08144492043389215,
        0.081341200404697,
        0.08142698574689479,
        0.08114778044956182,
        0.08146428906060511,
        0.0812136921228147,
        0.08134444102742314,
        0.08144949292824938,
        0.08078085643793244,
        0.08062108248667,
        0.08066740643744376,
        0.08057749925875196,
        0.08042649022893968
    ],
    "test_loss": [
        0.1812273010206811,
        0.12856547597013876,
        0.10971791953216366,
        0.10239434018547151,
        0.09832465274834339,
        0.09392476760310892,
        0.09154709533408836,
        0.08890830427040289,
        0.0875196612322772,
        0.08719274123509725,
        0.0859882726934221,
        0.08497306003982638,
        0.08431981058768284,
        0.08628118648941134,
        0.08279948646639598,
        0.08280175095723,
        0.08453428824742637,
        0.08132333542093818,
        0.0810698304205765,
        0.08104950500123295,
        0.08138999045631032,
        0.08027141394438567,
        0.0802979028372117,
        0.07948503503093012,
        0.08087604338740124,
        0.08189904338047826,
        0.07941609809428085,
        0.07948635285283312,
        0.07887026744124331,
        0.07874495569570565,
        0.07838252600328423,
        0.07882278476232364,
        0.07921450953424712,
        0.07916584688940165,
        0.07809864662311694,
        0.07788144040990759,
        0.07750423184147588,
        0.07778993101767552,
        0.07759516289204726,
        0.07754035627400434,
        0.0770829044153661,
        0.07693426336771177,
        0.07660041173299154,
        0.07817344282880241,
        0.07694827321134967,
        0.07674389431506028,
        0.07671324671050649,
        0.07642311146229873,
        0.0765649801860621,
        0.07676298794923005
    ],
    "learning_rate": [
        0.001,
        0.001,
        0.001,
        0.001,
        0.001,
        0.001,
        0.001,
        0.001,
        0.001,
        0.001,
        0.001,
        0.001,
        0.001,
        0.001,
        0.001,
        0.001,
        0.001,
        0.001,
        0.001,
        0.001,
        0.001,
        0.001,
        0.001,
        0.001,
        0.001,
        0.001,
        0.001,
        0.001,
        0.001,
        0.001,
        0.001,
        0.001,
        0.001,
        0.001,
        0.0005,
        0.0005,
        0.0005,
        0.0005,
        0.0005,
        0.0005,
        0.0005,
        0.0005,
        0.0005,
        0.0005,
        0.0005,
        0.00025,
        0.00025,
        0.00025,
        0.00025,
        0.00025
    ]
}