{
    "train_loss": [
        0.09055039352840848,
        0.08210109293071273,
        0.08144338084202186,
        0.08030682030846091,
        0.07905939638225082,
        0.07902004157795625,
        0.07766624930637335,
        0.07907691500545327,
        0.07905588866838442,
        0.07838834344951157,
        0.0784540726468454,
        0.07789999924454034,
        0.07605704669079749,
        0.0758333407196344,
        0.07570355733235677,
        0.07637530058817146,
        0.07609516000436023,
        0.07588809549418929,
        0.07629861551172593,
        0.07568328536413853,
        0.07538126948612188,
        0.07574681472155004,
        0.07526164023704777,
        0.07497547171474282,
        0.07513693329555536,
        0.0751215263129839,
        0.07488536881465538,
        0.07523433351828382,
        0.07524337643891378,
        0.07486987223033033,
        0.0751201995837143,
        0.07459230235978669,
        0.07484874834422192,
        0.0748468247893589,
        0.07464295726975584,
        0.07463064458635119,
        0.07431558082306307,
        0.07459705156438491,
        0.07443553762498245,
        0.07449753970102548,
        0.0741746888441198,
        0.07449917543947307,
        0.0749309901318519,
        0.07457207714030946,
        0.07408011084288553,
        0.07443097557117737,
        0.074594815727932,
        0.07430696892582513,
        0.074593834004371,
        0.0741396673364577
    ],
    "test_loss": [
        0.079239151948764,
        0.07897197412855832,
        0.07775421039557752,
        0.0760188471240762,
        0.07493623738671526,
        0.07567030022909613,
        0.07375506869804713,
        0.07474705587198706,
        0.07650604700600658,
        0.07295449666770887,
        0.07733294553226894,
        0.07336614048775332,
        0.0721616330485285,
        0.07148865782184365,
        0.07209183424343298,
        0.07408550574455731,
        0.0718170533062499,
        0.07152169000219416,
        0.07202917865764948,
        0.07246134423915251,
        0.07100340056566544,
        0.07209714230931835,
        0.07094814460954549,
        0.07096687935752632,
        0.0713168376242673,
        0.07264320370591716,
        0.07104657873695279,
        0.07134050749702217,
        0.07134990959255784,
        0.07120172595536267,
        0.07081135941876306,
        0.07112143548918358,
        0.07088898788999629,
        0.0712196711625582,
        0.07111132740238567,
        0.07143879245828699,
        0.07083492797833901,
        0.07064852044906145,
        0.07098819879102118,
        0.0707217969055529,
        0.07120068539071965,
        0.07078694287641549,
        0.07049657110814696,
        0.07133319485334702,
        0.07068578179971671,
        0.07074263513088226,
        0.07073401832286223,
        0.07131271148905342,
        0.07117413755552268,
        0.07108273267010112
    ],
    "learning_rate": [
        0.001,
        0.001,
        0.001,
        0.001,
        0.001,
        0.001,
        0.001,
        0.001,
        0.001,
        0.001,
        0.001,
        0.0005,
        0.0005,
        0.0005,
        0.0005,
        0.0005,
        0.0005,
        0.0005,
        0.0005,
        0.00025,
        0.00025,
        0.00025,
        0.00025,
        0.00025,
        0.00025,
        0.00025,
        0.00025,
        0.00025,
        0.00025,
        0.00025,
        0.00025,
        0.00025,
        0.00025,
        0.00025,
        0.00025,
        0.00025,
        0.000125,
        0.000125,
        0.000125,
        0.000125,
        0.000125,
        0.000125,
        0.000125,
        0.000125,
        0.000125,
        0.000125,
        0.000125,
        0.000125,
        0.000125,
        6.25e-05
    ]
}