{
    "train_loss": [
        0.18853903253094043,
        0.15803973752688738,
        0.13472289976730845,
        0.11873677228790483,
        0.11173103027094423,
        0.10686755180358887,
        0.10466806389927084,
        0.10231624366411196,
        0.10012104838502173,
        0.09806221996257508,
        0.09596821607327928,
        0.09512880471796771,
        0.0938803051032272,
        0.09258452209771849,
        0.09164366441614488,
        0.09047479239943759,
        0.08907552264095132,
        0.08912262511409186,
        0.08883271435506983,
        0.08797094572603313,
        0.08808645158032187,
        0.08704927326027864,
        0.08602172705083111,
        0.08689538388470419,
        0.08684120598961326,
        0.0845229343651167,
        0.08494873078040828,
        0.084704331011554,
        0.08535622786852269,
        0.08420360789579504,
        0.0846453838099062,
        0.08289822207556831,
        0.08341739208869685,
        0.08381398534463122,
        0.08327746079638114,
        0.08208511545767191,
        0.0820340680141075,
        0.08180536133011962,
        0.08198903167949004,
        0.08189610936283286,
        0.08161636614332012,
        0.08161848853616153,
        0.08096187270544712,
        0.08199810077941495,
        0.08165959096422383,
        0.08047614378087661,
        0.08050169975929011,
        0.08090295495550617,
        0.08207625984366423,
        0.08201847637400908
    ],
    "test_loss": [
        0.1598236700929241,
        0.1376379593507743,
        0.11785608621291173,
        0.11105515765555111,
        0.10426927360487573,
        0.10207589538009079,
        0.10023787154091729,
        0.09610096198541146,
        0.09601021581225926,
        0.09297527018888496,
        0.090367216328044,
        0.08967428101433647,
        0.08831942380210499,
        0.0873967409722599,
        0.0869685682544002,
        0.08523320180398447,
        0.08463517804204682,
        0.08360643486917754,
        0.08609484294314446,
        0.08309966846748634,
        0.08184176287533325,
        0.08446804367465738,
        0.08123483150093644,
        0.08159477232415,
        0.08032203531559604,
        0.08204531295799915,
        0.07992778052518397,
        0.08228274775140079,
        0.08266000821266645,
        0.08180738739025446,
        0.08048293831907673,
        0.08216117845641241,
        0.0807460922812238,
        0.08608401898984556,
        0.07941339969635008,
        0.07739749505196088,
        0.0773547253638138,
        0.07794242800017934,
        0.07833423557104888,
        0.07693773315276628,
        0.0768712807290348,
        0.07947921829459109,
        0.07630472655649538,
        0.07833608946682494,
        0.07646829082642073,
        0.07593258751763238,
        0.07653922599038959,
        0.07523494277471378,
        0.07592286695668726,
        0.07650300716176445
    ],
    "learning_rate": [
        0.001,
        0.001,
        0.001,
        0.001,
        0.001,
        0.001,
        0.001,
        0.001,
        0.001,
        0.001,
        0.001,
        0.001,
        0.001,
        0.001,
        0.001,
        0.001,
        0.001,
        0.001,
        0.001,
        0.001,
        0.001,
        0.001,
        0.001,
        0.001,
        0.001,
        0.001,
        0.001,
        0.001,
        0.001,
        0.001,
        0.001,
        0.001,
        0.001,
        0.001,
        0.001,
        0.001,
        0.001,
        0.001,
        0.001,
        0.001,
        0.001,
        0.001,
        0.001,
        0.001,
        0.001,
        0.001,
        0.001,
        0.001,
        0.001,
        0.001
    ]
}