{
    "train_loss": [
        0.29958089068045024,
        0.2074104265449873,
        0.1609554038328283,
        0.12509734272177703,
        0.10683022386887495,
        0.09972663330875971,
        0.09614769415138594,
        0.09333946704864501,
        0.09262970943076938,
        0.09074843568739548,
        0.09014324736750982,
        0.08893701001709582,
        0.08875506796868018,
        0.08763284574147144,
        0.0871378548005048,
        0.08661571406071482,
        0.08621739312714222,
        0.08568669861438227,
        0.08558923621582828,
        0.08529349339553734,
        0.08542098391289804,
        0.08418092197842068,
        0.08374021676630755,
        0.08391661129745782,
        0.08289402419445561,
        0.08317173135046865,
        0.0845696784312429,
        0.08353093698912976,
        0.08314574014127644,
        0.08201056882446887,
        0.08166824789608226,
        0.0814282199136572,
        0.08283844430462207,
        0.081606100743113,
        0.08121611074684493,
        0.08152018995846019,
        0.08114557546727798,
        0.08144256211573782,
        0.08098491687400668,
        0.0816472690869001,
        0.08205028671065187,
        0.08128494608635996,
        0.08129004621817396,
        0.08071969864415188,
        0.08023259702071645,
        0.0801953697516248,
        0.07998005112791373,
        0.08019213879030515,
        0.08049229484757567,
        0.08004928492253123
    ],
    "test_loss": [
        0.21414033065607516,
        0.16832044624987944,
        0.13125845876740821,
        0.10638079007466635,
        0.0976247599242646,
        0.09320047004723254,
        0.09075874138761451,
        0.08939230960092427,
        0.08803550487683144,
        0.08643635702721866,
        0.08520969226036543,
        0.08438400348027547,
        0.08404952277371913,
        0.08302231001265255,
        0.08286304400290972,
        0.0816505679230631,
        0.08125046937553972,
        0.08089273202566452,
        0.08063324101177263,
        0.08016648182162532,
        0.08064778841572044,
        0.07934652768535379,
        0.08013238931879586,
        0.07879836038306907,
        0.07845749036765394,
        0.07852305119420276,
        0.08517447699735194,
        0.07817888564533658,
        0.0811416969328751,
        0.0773467509540511,
        0.07775821055895016,
        0.07855257313928486,
        0.07717261596962259,
        0.07718603792013945,
        0.07705222022386245,
        0.0775245342872761,
        0.0771725227214672,
        0.07646045533227333,
        0.07854518526866111,
        0.07811937591175974,
        0.07693923981101425,
        0.07675782119786298,
        0.07678159647517734,
        0.07633051399831418,
        0.0759715670126456,
        0.07617692249792594,
        0.07585613224241469,
        0.07614717727825966,
        0.07635215250062354,
        0.07596639911333719
    ],
    "learning_rate": [
        0.001,
        0.001,
        0.001,
        0.001,
        0.001,
        0.001,
        0.001,
        0.001,
        0.001,
        0.001,
        0.001,
        0.001,
        0.001,
        0.001,
        0.001,
        0.001,
        0.001,
        0.001,
        0.001,
        0.001,
        0.001,
        0.001,
        0.001,
        0.001,
        0.001,
        0.001,
        0.001,
        0.001,
        0.001,
        0.0005,
        0.0005,
        0.0005,
        0.0005,
        0.0005,
        0.0005,
        0.0005,
        0.0005,
        0.0005,
        0.0005,
        0.0005,
        0.0005,
        0.0005,
        0.0005,
        0.00025,
        0.00025,
        0.00025,
        0.00025,
        0.00025,
        0.00025,
        0.00025
    ]
}